--
-- Dumping data for table `users`
--
INSERT INTO `users` (`id`, `name`, `email`, `email_verified_at`, `password`, `remember_token`, `created_at`, `updated_at`) VALUES
(1, 'Admin', 'admin@ens.com', '2019-07-09 07:20:53', '$2y$10$H2cy6xmnnyyC8MjnF0hsf.yKmp8oL4epUEUSyCz2dsvkCXO3HN.XW', NULL, '2019-07-09 07:20:58', '2019-07-09 07:21:01'),
(2, 'Nutrition Admin', 'nutrition@unicef.org', NULL, '$2y$10$dHq13P2.dS1Jm9fgIIzpDuzVzY3q1XgyeaT3GJryxFzU8.QAaZ.8i', NULL, '2019-07-09 18:15:00', '2019-07-09 18:15:00');


--
-- Dumping data for table `camps`
--

INSERT INTO `camps` (`id`, `name`, `block_letter`, `created_at`, `updated_at`) VALUES
	(1, 'Camp 01E', 'A', NULL, NULL),
	(2, 'Camp 01E', 'E', NULL, NULL),
	(3, 'Camp 01E', 'F', NULL, NULL),
	(4, 'Camp 01E', 'B', NULL, NULL),
	(5, 'Camp 01E', 'C', NULL, NULL),
	(6, 'Camp 01E', 'D', NULL, NULL),
	(7, 'Camp 01E', 'G', NULL, NULL),
	(8, 'Camp 01W', 'G', NULL, NULL),
	(9, 'Camp 01W', 'A', NULL, NULL),
	(10, 'Camp 01W', 'C', NULL, NULL),
	(11, 'Camp 01W', 'B', NULL, NULL),
	(12, 'Camp 01W', 'D', NULL, NULL),
	(13, 'Camp 01W', 'E', NULL, NULL),
	(14, 'Camp 01W', 'F', NULL, NULL),
	(15, 'Camp 02E', 'C', NULL, NULL),
	(16, 'Camp 02E', 'D', NULL, NULL),
	(17, 'Camp 02E', 'E', NULL, NULL),
	(18, 'Camp 02E', 'A', NULL, NULL),
	(19, 'Camp 02E', 'B', NULL, NULL),
	(20, 'Camp 02W', 'B', NULL, NULL),
	(21, 'Camp 02W', 'D', NULL, NULL),
	(22, 'Camp 02W', 'C', NULL, NULL),
	(23, 'Camp 02W', 'A', NULL, NULL),
	(24, 'Camp 03', 'A', NULL, NULL),
	(25, 'Camp 03', 'C', NULL, NULL),
	(26, 'Camp 03', 'F', NULL, NULL),
	(27, 'Camp 03', 'E', NULL, NULL),
	(28, 'Camp 03', 'G', NULL, NULL),
	(29, 'Camp 03', 'D', NULL, NULL),
	(30, 'Camp 03', 'B', NULL, NULL),
	(31, 'Camp 04', 'A', NULL, NULL),
	(32, 'Camp 04', 'B', NULL, NULL),
	(33, 'Camp 04', 'C', NULL, NULL),
	(34, 'Camp 04', 'F', NULL, NULL),
	(35, 'Camp 04', 'E', NULL, NULL),
	(36, 'Camp 04', 'D', NULL, NULL),
	(37, 'Camp 04', 'G', NULL, NULL),
	(38, 'Camp 04Ex', '', NULL, NULL),
	(39, 'Camp 05', 'D', NULL, NULL),
	(40, 'Camp 05', 'A', NULL, NULL),
	(41, 'Camp 05', 'E', NULL, NULL),
	(42, 'Camp 05', 'B', NULL, NULL),
	(43, 'Camp 05', 'C', NULL, NULL),
	(44, 'Camp 06', 'C', NULL, NULL),
	(45, 'Camp 06', 'A', NULL, NULL),
	(46, 'Camp 06', 'D', NULL, NULL),
	(47, 'Camp 06', 'B', NULL, NULL),
	(48, 'Camp 07', 'D', NULL, NULL),
	(49, 'Camp 07', 'B', NULL, NULL),
	(50, 'Camp 07', 'G', NULL, NULL),
	(51, 'Camp 07', 'C', NULL, NULL),
	(52, 'Camp 07', 'A', NULL, NULL),
	(53, 'Camp 07', 'E', NULL, NULL),
	(54, 'Camp 07', 'F', NULL, NULL),
	(55, 'Camp 08E', 'A', NULL, NULL),
	(56, 'Camp 08E', 'B', NULL, NULL),
	(57, 'Camp 08E', 'C', NULL, NULL),
	(58, 'Camp 08E', 'D', NULL, NULL),
	(59, 'Camp 08E', 'E', NULL, NULL),
	(60, 'Camp 08E', 'F', NULL, NULL),
	(61, 'Camp 08W', 'E', NULL, NULL),
	(62, 'Camp 08W', 'F', NULL, NULL),
	(63, 'Camp 08W', 'C', NULL, NULL),
	(64, 'Camp 08W', 'B', NULL, NULL),
	(65, 'Camp 08W', 'D', NULL, NULL),
	(66, 'Camp 08W', 'A', NULL, NULL),
	(67, 'Camp 09', 'A', NULL, NULL),
	(68, 'Camp 09', 'B', NULL, NULL),
	(69, 'Camp 09', 'C', NULL, NULL),
	(70, 'Camp 09', 'D', NULL, NULL),
	(71, 'Camp 09', 'G', NULL, NULL),
	(72, 'Camp 09', 'E', NULL, NULL),
	(73, 'Camp 09', 'F', NULL, NULL),
	(74, 'Camp 10', 'B', NULL, NULL),
	(75, 'Camp 10', 'A', NULL, NULL),
	(76, 'Camp 10', 'F', NULL, NULL),
	(77, 'Camp 10', 'E', NULL, NULL),
	(78, 'Camp 10', 'D', NULL, NULL),
	(79, 'Camp 10', 'C', NULL, NULL),
	(80, 'Camp 11', 'C', NULL, NULL),
	(81, 'Camp 11', 'E', NULL, NULL),
	(82, 'Camp 11', 'A', NULL, NULL),
	(83, 'Camp 11', 'F', NULL, NULL),
	(84, 'Camp 11', 'B', NULL, NULL),
	(85, 'Camp 11', 'D', NULL, NULL),
	(86, 'Camp 12', 'A', NULL, NULL),
	(87, 'Camp 12', 'C', NULL, NULL),
	(88, 'Camp 12', 'B', NULL, NULL),
	(89, 'Camp 12', 'D', NULL, NULL),
	(90, 'Camp 13', 'B', NULL, NULL),
	(91, 'Camp 13', 'F', NULL, NULL),
	(92, 'Camp 13', 'D', NULL, NULL),
	(93, 'Camp 13', 'A', NULL, NULL),
	(94, 'Camp 13', 'C', NULL, NULL),
	(95, 'Camp 13', 'E', NULL, NULL),
	(96, 'Camp 13', 'G', NULL, NULL),
	(97, 'Camp 14', 'E', NULL, NULL),
	(98, 'Camp 14', 'B', NULL, NULL),
	(99, 'Camp 14', 'C', NULL, NULL),
	(100, 'Camp 14', 'D', NULL, NULL),
	(101, 'Camp 14', 'A', NULL, NULL),
	(102, 'Camp 15', 'G', NULL, NULL),
	(103, 'Camp 15', 'E', NULL, NULL),
	(104, 'Camp 15', 'D', NULL, NULL),
	(105, 'Camp 15', 'A', NULL, NULL),
	(106, 'Camp 15', 'B', NULL, NULL),
	(107, 'Camp 15', 'H', NULL, NULL),
	(108, 'Camp 15', 'F', NULL, NULL),
	(109, 'Camp 15', 'C', NULL, NULL),
	(110, 'Camp 16', 'A', NULL, NULL),
	(111, 'Camp 16', 'D', NULL, NULL),
	(112, 'Camp 16', 'C', NULL, NULL),
	(113, 'Camp 16', 'B', NULL, NULL),
	(114, 'Camp 17', 'C', NULL, NULL),
	(115, 'Camp 17', 'A', NULL, NULL),
	(116, 'Camp 17', 'B', NULL, NULL),
	(117, 'Camp 18', 'A', NULL, NULL),
	(118, 'Camp 18', 'C', NULL, NULL),
	(119, 'Camp 18', 'B', NULL, NULL),
	(120, 'Camp 18', 'D', NULL, NULL),
	(121, 'Camp 18', 'E', NULL, NULL),
	(122, 'Camp 19', 'A', NULL, NULL),
	(123, 'Camp 19', 'B', NULL, NULL),
	(124, 'Camp 19', 'C', NULL, NULL),
	(125, 'Camp 19', 'D', NULL, NULL),
	(126, 'Camp 20', 'B', NULL, NULL),
	(127, 'Camp 20', 'A', NULL, NULL),
	(128, 'Camp 20Ex', 'Others', NULL, NULL),
	(129, 'Camp 21', 'C', NULL, NULL),
	(130, 'Camp 21', 'B', NULL, NULL),
	(131, 'Camp 21', 'D', NULL, NULL),
	(132, 'Camp 21', 'E', NULL, NULL),
	(133, 'Camp 21', 'A', NULL, NULL),
	(134, 'Camp 22', 'C', NULL, NULL),
	(135, 'Camp 22', 'B', NULL, NULL),
	(136, 'Camp 22', 'D', NULL, NULL),
	(137, 'Camp 22', 'A', NULL, NULL),
	(138, 'Camp 23', 'B', NULL, NULL),
	(139, 'Camp 23', 'A', NULL, NULL),
	(140, 'Camp 23', 'C', NULL, NULL),
	(141, 'Camp 24', 'A', NULL, NULL),
	(142, 'Camp 24', 'B', NULL, NULL),
	(143, 'Camp 24', 'C', NULL, NULL),
	(144, 'Camp 24', 'D', NULL, NULL),
	(145, 'Camp 24', 'E', NULL, NULL),
	(146, 'Camp 24', 'F', NULL, NULL),
	(147, 'Camp 24', 'G', NULL, NULL),
	(148, 'Camp 25', 'A', NULL, NULL),
	(149, 'Camp 25', 'B', NULL, NULL),
	(150, 'Camp 26', 'E', NULL, NULL),
	(151, 'Camp 26', 'F', NULL, NULL),
	(152, 'Camp 26', 'H', NULL, NULL),
	(153, 'Camp 26', 'I', NULL, NULL),
	(154, 'Camp 26', 'G', NULL, NULL),
	(155, 'Camp 26', 'C', NULL, NULL),
	(156, 'Camp 26', 'A', NULL, NULL),
	(157, 'Camp 26', 'B', NULL, NULL),
	(158, 'Camp 26', 'D', NULL, NULL),
	(159, 'Camp 27', 'C', NULL, NULL),
	(160, 'Camp 27', 'A', NULL, NULL),
	(161, 'Camp 27', 'B', NULL, NULL),
	(162, 'KTP RC', 'Others', NULL, NULL),
	(163, 'NYP RC', 'Others', NULL, NULL),
	(164, 'Chaukhali', 'Others', NULL, NULL),
	(165, 'Others', NULL, NULL, NULL);


--
-- Dumping data for table `children`
--

INSERT INTO `children` (`id`, `mnr_no`, `mrc_no`, `date`, `sub_block_no`, `hh_no`, `gps_coordinates_lat`, `gps_coordinates_lng`, `family_count_no`, `mother_caregiver_name`, `fathers_name`, `block_leader_name`, `children_name`, `date_of_birth`, `age`, `sex`, `phone`, `picture`, `barcode`, `created_at`, `updated_at`) VALUES
(1, 'mnr1', 'mrc1', '2019-07-10', '1111', '2222', '2222s', '2222s', '4', 'My mother', 'My father', 'block leader 1', 'Child one', '2019-01-01', 4, 'male', '9876543210', '1562757462-61836840_601767663654407_3232937706082271232_n.jpg', NULL, '2019-07-09 23:47:42', '2019-07-09 23:47:42');


--
-- Dumping data for table `facilities`
--

INSERT INTO `facilities` (`id`, `facility_id`, `camp_id`, `program_partner`, `implementing_partner`, `status`, `latitude`, `longitude`, `service_type`, `facility_reg`, `community_reg`, `created_at`, `updated_at`) VALUES
	(2, 'NS-C1E-UNHCR/TDH-OTP02', 1, 'UNHCR', 'TDH', 'Ongoing', '21.217070000', '92.156500000', 'OTP', 'NSFTDHOTP2', 'NSCTDHOTP2', NULL, NULL),
	(3, 'NS-C1E-WFP/ACF-SFP03', 1, 'WFP', 'ACF', 'Ongoing', '21.215713000', '92.152380000', 'TSFP/BSFP', NULL, NULL, NULL, NULL),
	(4, 'NS-C1W-UNHCR/TDH-OTP04', 8, 'UNHCR', 'TDH', 'Ongoing', '21.215820000', '92.152050000', 'OTP', NULL, NULL, NULL, NULL),
	(5, 'NS-C1W-UNHCR/ACF-OTP03', 8, 'UNICEF and Multid', 'ACF', 'Ongoing', '21.21306274', '92.15651623', 'OTP', NULL, NULL, NULL, NULL),
	(6, 'NS-C2E-MULTI/ACF-OTP06', 15, 'Multidonors', 'ACF', 'Ongoing', '21.21329000', '92.16808830', 'OTP', NULL, NULL, NULL, NULL),
	(7, 'NS-C2E-UNICEF/SARPV-OTP07', 15, 'UNICEF', 'SARPV', 'Ongoing', '21.206027800', '92.162611111', 'OTP', NULL, NULL, NULL, NULL),
	(8, 'NS-C2E-WFP/ACF-SFP04', 15, 'Multidonors', 'ACF', 'Ongoing', '21.21329000', '92.16808830', 'TSFP/BSFP', NULL, NULL, NULL, NULL),
	(9, 'NS-C2E-MSF/MSF-SC02', 15, 'MSF', 'MSF', 'Ongoing', '21.213794999999998', '92.16817999999999', 'SC', NULL, NULL, NULL, NULL),
	(10, 'NS-C2W-UNHCR/ACF-OTP08', 20, 'UNHCR and Multid', 'ACF', 'Ongoing', '21.209335000000003', '92.15527666666667', 'OTP', NULL, NULL, NULL, NULL),
	(11, 'NS-C2W-WFP/ACF-SFP05', 20, 'WFP', 'ACF', 'Ongoing', '21.209367000', '92.155317000', 'TSFP/BSFP', NULL, NULL, NULL, NULL),
	(12, 'NS-C03-WFP/WC-SFP28', 24, 'WFP', 'WC', 'Ongoing', '21.213058', '92.148805', 'TSFP/BSFP', NULL, NULL, NULL, NULL),
	(13, 'NS-C03-UNICEF/SARPV-OTP10', 24, 'UNICEF', 'SARPV', 'Ongoing', '21.2092541', '92.14802009', 'OTP', NULL, NULL, NULL, NULL),
	(14, 'NS-C03-UNHCR/TDH-OTP11', 24, 'UNHCR', 'TDH', 'Ongoing', '21.211241000', '92.147425000', 'OTP', NULL, NULL, NULL, NULL),
	(15, 'NS-C03-UNHCR/ACF-OTP09', 24, 'UNHCR and Multid', 'ACF', 'Ongoing', '21.206000000000000', '92.1477130', 'OTP', NULL, NULL, NULL, NULL),
	(16, 'NS-C03-UNHCR/ACF-SFP06', 24, 'UNHCR and Multid', 'ACF', 'Ongoing', '21.206000000000000', '92.1477130', 'TSFP/BSFP', NULL, NULL, NULL, NULL),
	(17, 'NS-C04-UNICEF/SARPV-OTP12', 31, 'UNICEF', 'SARPV', 'Ongoing', '21.20956262', '92.14335853', 'OTP', NULL, NULL, NULL, NULL),
	(18, 'NS-C04-UNHCR/SCI-OTP14', 31, 'UNHCR', 'SCI', 'Ongoing', '21.204444400', '92.145111111', 'OTP', NULL, NULL, NULL, NULL),
	(19, 'NS-C04-UNHCR/TDH-OTP13', 31, 'UNHCR', 'TDH', 'Ongoing', '21.207121500', '92.140716300', 'OTP', NULL, NULL, NULL, NULL),
	(20, 'NS-C05-UNICEF/CWW-OTP15', 39, 'UNICEF', 'CWW', 'Ongoing', '21.203136000', '92.152500000', 'OTP', NULL, NULL, NULL, NULL),
	(21, 'NS-C05-UNHCR/ACF-OTP16', 39, 'UNHCR and Multid', 'ACF', 'Ongoing', '21.2051130', '92.1526810', 'OTP', NULL, NULL, NULL, NULL),
	(22, 'NS-C8W-WFP/BRAC-SFP07', 61, 'WFP', 'BRAC', 'Ongoing', '21.191298000', '92.147025000', 'TSFP/BSFP', NULL, NULL, NULL, NULL),
	(23, 'NS-C05-WFP/WVI-SFP08', 39, 'WFP', 'WVI', 'Ongoing', '21.204140000', '92.143470000', 'TSFP/BSFP', NULL, NULL, NULL, NULL),
	(24, 'NS-C06-WFP/WC-SFP29', 44, 'WFP', 'WC', 'Ongoing', '21.2012', '92.1583831', 'TSFP/BSFP', NULL, NULL, NULL, NULL),
	(25, 'NS-C06-UNICEF/SARPV-OTP17', 44, 'UNICEF', 'SARPV', 'Ongoing', '21.204624000', '92.158472222', 'OTP', NULL, NULL, NULL, NULL),
	(26, 'NS-C06-UNHCR/ACF-OTP18', 44, 'UNHCR and Multid', 'ACF', 'Ongoing', '21.2028958', '92.1551372', 'OTP', NULL, NULL, NULL, NULL),
	(27, 'NS-C07-UNICEF/SHED-OTP19', 48, 'UNICEF', 'SHED', 'Ongoing', '21.202126666666665', '92.16265999999999', 'OTP', NULL, NULL, NULL, NULL),
	(28, 'NS-C07-UNICEF/SHED-OTP20', 48, 'UNICEF', 'SHED', 'Ongoing', '21.204147000', '92.167063000', 'OTP', NULL, NULL, NULL, NULL),
	(29, 'NS-C07-MULTI/ACF-OTP21', 48, 'Multidonors', 'ACF', 'Ongoing', '21.2063523', '92.1700895', 'OTP', NULL, NULL, NULL, NULL),
	(30, 'NS-C07-WFP/BRAC-SFP09', 48, 'WFP', 'BRAC', 'Ongoing', '21.205002000', '92.169026000', 'TSFP/BSFP', NULL, NULL, NULL, NULL),
	(31, 'NS-C8E-UNICEF/SHED-OTP23', 55, 'UNICEF', 'SHED', 'Ongoing', '21.19535', '92.16552333333333', 'OTP', NULL, NULL, NULL, NULL),
	(32, 'NS-C8E-UNICEF/SHED-OTP24', 55, 'UNICEF', 'SHED', 'Ongoing', '21.194954000', '92.161870000', 'OTP', NULL, NULL, NULL, NULL),
	(33, 'NS-C8E-UNICEF/CWW-OTP22', 55, 'UNICEF', 'CWW', 'Ongoing', '21.198847000', '92.160002000', 'OTP', NULL, NULL, NULL, NULL),
	(34, 'NS-C8E-WFP/BRAC-SFP10', 55, 'WFP', 'BRAC', 'Ongoing', '21.194568000', '92.163633000', 'TSFP/BSFP', NULL, NULL, NULL, NULL),
	(35, 'NS-C8W-UNICEF/SARPV-OTP25', 61, 'UNICEF', 'SARPV', 'Ongoing', '21.19981116', '92.15222709', 'OTP', NULL, NULL, NULL, NULL),
	(36, 'NS-C8W-WFP/WVI-SFP11', 61, 'WFP', 'WVI', 'Ongoing', '21.198063000', '92.154245000', 'TSFP/BSFP', NULL, NULL, NULL, NULL),
	(37, 'NS-C8W-UNHCR/ACF-SC8', 61, 'UNHCR and Multid', 'ACF', 'Planned', '21.196520000000000', '92.1500800', 'SC', NULL, NULL, NULL, NULL),
	(38, 'NS-C09-UNICEF/SHED-OTP27', 67, 'UNICEF', 'SHED', 'Ongoing', '21.191646396182477', '92.15991083532572', 'OTP', NULL, NULL, NULL, NULL),
	(39, 'NS-C09-UNICEF/SHED-OTP28', 67, 'UNICEF', 'SHED', 'Ongoing', '21.193010300', '92.155634000', 'OTP', NULL, NULL, NULL, NULL),
	(40, 'NS-C09-WFP/SARPV-SFP12', 67, 'WFP', 'SARPV', 'Ongoing', '21.189634600', '92.16311130', 'TSFP/BSFP', NULL, NULL, NULL, NULL),
	(41, 'NS-C09-WFP/SARPV-SFP13', 67, 'WFP', 'SARPV', 'Ongoing', '21.187220000', '92.15976800', 'TSFP/BSFP', NULL, NULL, NULL, NULL),
	(42, 'NS-C09-MSF/MSF-SC03', 67, 'MSF', 'MSF', 'Closed', '21.190187000', '92.16', 'SC', NULL, NULL, NULL, NULL),
	(43, 'NS-C10-UNICEF/ACF-OTP29', 74, 'UNICEF and Multid', 'ACF', 'Ongoing', '21.188764999999997', '92.15200833333334', 'OTP', NULL, NULL, NULL, NULL),
	(44, 'NS-C10-UNICEF/ACF-OTP30', 74, 'UNICEF and Multid', 'ACF', 'Ongoing', '21.1892633', '92.15789', 'OTP', NULL, NULL, NULL, NULL),
	(45, 'NS-C10-WFP/WVI-SFP14', 74, 'WFP', 'WVI', 'Ongoing', '21.190952750', '92.150084622', 'TSFP/BSFP', NULL, NULL, NULL, NULL),
	(46, 'NS-C10-UNICEF/ACF-SC4', 55, 'UNICEF and Multid', 'ACF', 'Ongoing', '21.198550000000000', '92.169120000', 'SC', NULL, NULL, NULL, NULL),
	(47, 'NS-C11-UNICEF/ACF-OTP31', 80, 'UNICEF and Multid', 'ACF', 'Ongoing', '21.18237485', '92.15785335', 'OTP', NULL, NULL, NULL, NULL),
	(48, 'NS-C11-WFP/SCI-SFP15', 80, 'WFP', 'SCI', 'Ongoing', '21.183603000', '92.1570720000', 'TSFP/BSFP', NULL, NULL, NULL, NULL),
	(49, 'NS-C12-UNICEF/CWW-OTP32', 86, 'UNICEF', 'CWW', 'Ongoing', '21.182016666666662', '92.15363833333335', 'OTP', NULL, NULL, NULL, NULL),
	(50, 'NS-C12-WFP/SCI-SFP16', 86, 'WFP', 'SCI', 'Ongoing', '21.184520000', '92.1506100000', 'TSFP/BSFP', NULL, NULL, NULL, NULL),
	(51, 'NS-C13-UNHCR/TDH-OTP33', 90, 'UNHCR', 'TDH', 'Ongoing', '21.180983300', '92.137266670', 'OTP', NULL, NULL, NULL, NULL),
	(52, 'NS-C13-UNICEF/CWW-OTP34', 90, 'UNICEF', 'CWW', 'Ongoing', '21.181388890', '92.140277780', 'OTP', NULL, NULL, NULL, NULL),
	(53, 'NS-C13-UNICEF/ACF-OTP35', 90, 'UNICEF and Multid', 'ACF', 'Ongoing', '21.17934', '92.14143', 'OTP', NULL, NULL, NULL, NULL),
	(54, 'NS-C13-WFP/SCI-SFP18', 90, 'WFP', 'SCI', 'Ongoing', '21.178227000', '92.1369550000', 'TSFP/BSFP', NULL, NULL, NULL, NULL),
	(55, 'NS-C13-WFP/SCI-SFP17', 90, 'WFP', 'SCI', 'Ongoing', '21.17944896', '92.14146369', 'TSFP/BSFP', NULL, NULL, NULL, NULL),
	(56, 'NS-C14-UNICEF/ACF-OTP37', 97, 'UNICEF and Multid', 'ACF', 'Ongoing', '21.16754166666666', '92.15006833333334', 'OTP', NULL, NULL, NULL, NULL),
	(57, 'NS-C14-MULTI/CWW-OTP36', 97, 'UNICEF', 'CWW', 'Ongoing', '21.167831666666665', '92.14460666666668', 'OTP', NULL, NULL, NULL, NULL),
	(58, 'NS-C14-WFP/SCI-SFP19', 97, 'WFP', 'SCI', 'Ongoing', '21.167932000', '92.1490080000', 'TSFP/BSFP', NULL, NULL, NULL, NULL),
	(59, 'NS-C15-UNHCR/SCI-OTP38', 102, 'UNHCR', 'SCI', 'Ongoing', '21.156304999999996', '92.13959000000001', 'OTP', NULL, NULL, NULL, NULL),
	(60, 'NS-C15-UNICEF/CWW-OTP39', 102, 'UNICEF', 'CWW', 'Ongoing', '21.160354999999996', '92.14542000000002', 'OTP', NULL, NULL, NULL, NULL),
	(61, 'NS-C15-WFP/SARPV-SFP20', 102, 'WFP', 'SARPV', 'Ongoing', '21.160210000', '92.14697700', 'TSFP/BSFP', NULL, NULL, NULL, NULL),
	(62, 'NS-C16-UNHCR/ACF-OTP41', 110, 'UNHCR and Multid', 'ACF', 'Ongoing', '21.157026700', '92.148732000', 'OTP', NULL, NULL, NULL, NULL),
	(63, 'NS-C16-WFP/WC-SFP30', 110, 'WFP', 'WC', 'Ongoing', '21.158091', '92.150098', 'TSFP/BSFP', NULL, NULL, NULL, NULL),
	(64, 'NS-C17-UNHCR/SCI-OTP42', 114, 'UNHCR', 'SCI', 'Ongoing', '21.19350 92', '92.144950000', 'OTP', NULL, NULL, NULL, NULL),
	(65, 'NS-C17-UNICEF/SHED-OTP43', 114, 'UNICEF', 'SHED', 'Ongoing', '21.196293300', '92.147936800', 'OTP', NULL, NULL, NULL, NULL),
	(66, 'NS-C17-PAPL/CWW-OTP61', 114, 'PAPL', 'CWW', 'Ongoing', '21.2013889', '92.1425555555555', 'OTP', NULL, NULL, NULL, NULL),
	(67, 'NS-C17-WFP/SCI-SFP21', 114, 'WFP', 'SCI', 'Ongoing', '21.19564000000000', '92.14519000000000', 'TSFP/BSFP', NULL, NULL, NULL, NULL),
	(68, 'NS-C18-UNICEF/CWW-OTP44', 117, 'UNICEF', 'CWW', 'Ongoing', '21.185738000', '92.144338000', 'OTP', NULL, NULL, NULL, NULL),
	(69, 'NS-C18-UNHCR/SCI-OTP45', 117, 'UNHCR', 'SCI', 'Ongoing', '21.188869999999998', '92.14975166666666', 'OTP', NULL, NULL, NULL, NULL),
	(70, 'NS-C18-UNHCR/SCI-OTP46', 117, 'UNHCR', 'SCI', 'Ongoing', '21.190372000', '92.148406000', 'OTP', NULL, NULL, NULL, NULL),
	(71, 'NS-C18-BCN/SCI-OTP47', 117, 'BCN', 'SCI', 'Ongoing', '21.190694400', '92.144352778', 'OTP', NULL, NULL, NULL, NULL),
	(72, 'NS-C18-UNICEF/SARPV-OTP62', 117, 'UNICEF', 'SARPV', 'Ongoing', '21.193333300', '92.149166667', 'OTP', NULL, NULL, NULL, NULL),
	(73, 'NS-C18-WFP/SCI-SFP22', 117, 'WFP', 'SCI', 'Ongoing', '21.19055000000000', '92.14840000000000', 'TSFP/BSFP', NULL, NULL, NULL, NULL),
	(74, 'NS-C19-UNICEF/ACF-OTP49', 122, 'UNICEF and Multid', 'ACF', 'Removed', 'not yet available', 'not yet available', 'OTP', NULL, NULL, NULL, NULL),
	(75, 'NS-C19-UNHCR/TDH-OTP48', 122, 'UNHCR', 'TDH', 'Ongoing', '21.185635000', '92.142040000', 'OTP', NULL, NULL, NULL, NULL),
	(76, 'NS-C20-UNICEF/SCI-OTP50', 126, 'UNICEF', 'SCI', 'Ongoing', '21.186216700', '92.143936111', 'OTP', NULL, NULL, NULL, NULL),
	(77, 'NS-C20-UNHCR/TDH-OTP51', 126, 'UNHCR', 'TDH', 'Ongoing', '21.192110000', '92.137250000', 'OTP', NULL, NULL, NULL, NULL),
	(78, 'NS-C21-UNHCR/ACF-OTP52', 129, 'UNHCR and Multid', 'ACF', 'Ongoing', '21.13497333333333', '92.15732000000001', 'OTP', NULL, NULL, NULL, NULL),
	(79, 'NS-C21-WFP/BRAC-SFP23', 129, 'WFP', 'BRAC', 'Ongoing', '21.135623000', '92.157795000', 'TSFP/BSFP', NULL, NULL, NULL, NULL),
	(80, 'NS-C22-UNICEF/SARPV-OTP53', 134, 'UNICEF', 'SARPV', 'Ongoing', '21.08655294', '92.19910202', 'OTP', NULL, NULL, NULL, NULL),
	(81, 'NS-C22-UNICEF/SARPV-OTP54', 134, 'UNICEF', 'SARPV', 'Ongoing', '21.09115632', '92.19857525', 'OTP', NULL, NULL, NULL, NULL),
	(82, 'NS-C22-WFP/SARPV-SFP24', 134, 'WFP', 'SARPV', 'Ongoing', '21.086613000', '92.19923500', 'TSFP/BSFP', NULL, NULL, NULL, NULL),
	(83, 'NS-C23-UNICEF/SHED-OTP55', 138, 'UNICEF', 'SHED', 'Ongoing', '21.080115', '92.13920666666667', 'OTP', NULL, NULL, NULL, NULL),
	(84, 'NS-C24-UNICEF/ACF-OTP56', 141, 'UNICEF and Multid', 'ACF', 'Ongoing', '20.971335', '92.24432499999999', 'OTP', NULL, NULL, NULL, NULL),
	(85, 'NS-C24-IOM/IOM-SC5', 141, 'IOM', 'IOM', 'Ongoing', '20.97102', '92.24365333333331', 'SC', NULL, NULL, NULL, NULL),
	(86, 'NS-C24-WFP/SHED-SFP25', 141, 'WFP', 'SHED', 'Ongoing', '20.971610000000002', '92.24372999999999', 'TSFP/BSFP', NULL, NULL, NULL, NULL),
	(87, 'NS-C25-UNICEF/SCI-OTP57', 148, 'UNICEF', 'SCI', 'Ongoing', '20.979763900', '92.245647222', 'OTP', NULL, NULL, NULL, NULL),
	(88, 'NS-C26-UNHCR/ACF-OTP58', 150, 'UNHCR and Multid', 'ACF', 'Ongoing', '20.94995', '92.25335', 'OTP', NULL, NULL, NULL, NULL),
	(89, 'NS-C26-UNHCR/ACF-SC06', 150, 'UNHCR and Multid', 'ACF', 'Ongoing', '20.956830000000000', '92.2546400', 'SC', NULL, NULL, NULL, NULL),
	(90, 'NS-C27-UNICEF/SCI-OTP59', 159, 'UNICEF', 'SCI', 'Ongoing', '20.941722200', '92.259461111', 'OTP', NULL, NULL, NULL, NULL),
	(91, 'NS-KTP-UNICEF/ACF-SC7', 162, 'UNICEF and Multid', 'ACF', 'Ongoing', '21.21943279', '92.1615137', 'SC', NULL, NULL, NULL, NULL),
	(92, 'NS-KRC-UNHCR/ACF-OTP01', 162, 'UNHCR and Multid', 'ACF', 'Ongoing', '21.21309975', '92.16321003', 'OTP', NULL, NULL, NULL, NULL),
	(93, 'NS-KRC-UNHCR/ACF-SFP01', 162, 'UNHCR and Multid', 'ACF', 'Ongoing', '21.21309975', '92.16321003', 'TSFP/BSFP', NULL, NULL, NULL, NULL),
	(94, 'NS-KRC-WFP/ACF-SFP27', 162, 'WFP', 'ACF', 'Ongoing', '21.21518500', '92.16276400', 'TSFP/BSFP', NULL, NULL, NULL, NULL),
	(95, 'NS-KRC-UNHCR/ACF-SC1', 162, 'UNHCR and Multid', 'ACF', 'Ongoing', '21.21185773', '92.16247091', 'SC', NULL, NULL, NULL, NULL),
	(96, 'NS-NRC-UNHCR/ACF-OTP60', 163, 'UNHCR and Multid', 'ACF', 'Ongoing', '20.954305000', '92.253354000', 'OTP', NULL, NULL, NULL, NULL),
	(97, 'NS-NRC-UNHCR/ACF-SFP26', 163, 'UNHCR and Multid', 'ACF', 'Ongoing', '20.954305000', '92.253354000', 'TSFP/BSFP', NULL, NULL, NULL, NULL),
	(98, 'NS-NRC-UNHCR/ACF-SFP22', 163, 'UNHCR and Multid', 'ACF', 'Ongoing', '20.961768400000000', '92.2468593', 'TSFP/BSFP', NULL, NULL, NULL, NULL),
	(99, 'NS-C04-WFP/SARPV-SFP31', 31, 'WFP', 'SARPV', 'Ongoing', '21.212960', '92.144124', 'TSFP/BSFP', NULL, NULL, NULL, NULL),
	(100, 'NS-C04X-UNHCR/ACF-OTP63', 38, 'UNHCR and Multid', 'ACF', 'Ongoing', '21.211512', '92.138072', 'OTP', NULL, NULL, NULL, NULL),
	(101, 'NS-C04X-WFP/ACF-SFP32', 38, 'UNHCR and Multid', 'ACF', 'Ongoing', '21.211512', '92.138072', 'TSFP/BSFP', NULL, NULL, NULL, NULL),
	(102, 'NS-C20X-CWW/CWW-OTP64', 128, 'Irish Aid', 'CWW', 'Ongoing', '21.192802', '92.133036', 'OTP', NULL, NULL, NULL, NULL),
	(103, 'NS-C8W-WFP/CWW-SFP33', 61, 'WFP', 'CWW', 'Ongoing', '21.198847', '92.160002', 'TSFP/BSFP', NULL, NULL, NULL, NULL),
	(104, 'NS-C18-WFP/CWW-SFP34', 117, 'WFP', 'CWW', 'Ongoing', '21.185738', '92.144338', 'TSFP/BSFP', NULL, NULL, NULL, NULL),
	(105, 'NS-C20X-WFP/CWW-SFP35', 128, 'WFP', 'CWW', 'Ongoing', '21.192802', '92.133036', 'TSFP/BSFP', NULL, NULL, NULL, NULL);
